[
  {
    "label": "Intro page",
    "category": "Starter",
    "url": "mytravel-html/starter/index.html"
  },{
    "label": "Destination",
    "category": "Destination",
    "url": "mytravel-html/starter/destination/destination.html"
  },{
    "label": "Icon Blocks",
    "category": "Icon Blocks",
    "url": "mytravel-html/starter/icon-blocks/icon-blocks.html"
  },{
    "label": "Tab",
    "category": "Tab",
    "url": "mytravel-html/starter/tabs/tabs.html"
  },{
    "label": "Tab v1",
    "category": "Tab",
    "url": "mytravel-html/starter/tabs/tabs.html#tabs-1"
  },{
    "label": "Tab v2 Carousel",
    "category": "Tab",
    "url": "mytravel-html/starter/tabs/tabs.html#tabs-2"
  },{
    "label": "Tab v3",
    "category": "Tab",
    "url": "mytravel-html/starter/tabs/tabs.html#tabs-3"
  },{
    "label": "Deal Carousel",
    "category": "Deal Carousel",
    "url": "mytravel-html/starter/deal-carousel/deal-carousel.html"
  },{
    "label": "Testimonials",
    "category": "Testimonials",
    "url": "mytravel-html/starter/testimonials/testimonial.html"
  },{
    "label": "Default (White background)",
    "category": "Footers",
    "url": "mytravel-html/starter/footer/footer.html#footer-1"
  },{
    "label": "Footers dark background",
    "category": "Footers",
    "url": "mytravel-html/starter/footer/footer.html#footer-2"
  },{
    "label": "Recent articles",
    "category": "Recent articles",
    "url": "mytravel-html/starter/recent-article/recent-article.html"
  },{
    "label": "Category",
    "category": "Category",
    "url": "mytravel-html/starter/category/category"
  },{
    "label": "Deals List",
    "category": "Deals List",
    "url": "mytravel-html/starter/deals-list/deals-list"
  },{
    "label": "Clients",
    "category": "Clients",
    "url": "mytravel-html/starter/Components/clients.html"
  },{
    "label": "Product Cards Static",
    "category": "Product Cards Stati",
    "url": "mytravel-html/starter/product-cards/product-cards-static.html"
  },{
    "label": "Product Cards Carousel",
    "category": "Product Cards Carousel",
    "url": "mytravel-html/starter/product-cards/product-cards-carousel.html"
  },{
    "label": "Hero",
    "category": "Hero",
    "url": "mytravel-html/starter/hero.html"
  },{
    "label": "Icon blocks - Center aligned",
    "category": "Icon blocks",
    "url": "mytravel-html/starter/icon-blocks/icon-blocks.html#icon-blocks-v1"
  },{
    "label": "Icon blocks - Left aligned",
    "category": "Icon blocks",
    "url": "mytravel-html/starter/icon-blocks/icon-blocks.html#icon-blocks-v2"
  },{
    "label": "Icon blocks - Background",
    "category": "Icon blocks",
    "url": "mytravel-html/starter/icon-blocks/icon-blocks.html#icon-blocks-v3"
  },{
    "label": "Banner",
    "category": "Banner",
    "url": "mytravel-html/starter/banner/banner.html"
  },{
    "category": "Header layouts",
    "label": "Headers",
    "url": "mytravel-html/starter/header-layouts.html"
  }
]
